image,page
2061203726.jpg,http://169.53.132.62/gallery/index.php?/category/3/
2061204456.jpg,http://169.53.132.62/gallery/index.php?/category/3/
2061205136.jpg,http://169.53.132.62/gallery/index.php?/category/3/
2061205818.jpg,http://169.53.132.62/gallery/index.php?/category/3/
2061206494.jpg,http://169.53.132.62/gallery/index.php?/category/3/
2061208412.jpg,http://169.53.132.62/gallery/index.php?/category/3/
2061209102.jpg,http://169.53.132.62/gallery/index.php?/category/3/
2061209706.jpg,http://169.53.132.62/gallery/index.php?/category/3/
2061210724.jpg,http://169.53.132.62/gallery/index.php?/category/3/
2061211932.jpg,http://169.53.132.62/gallery/index.php?/category/3/
2061212528.jpg,http://169.53.132.62/gallery/index.php?/category/3/
2061213136.jpg,http://169.53.132.62/gallery/index.php?/category/3/
2061214528 (1 visits).jpg,http://169.53.132.62/gallery/index.php?/category/3/
2061217248 (1 visits).jpg,http://169.53.132.62/gallery/index.php?/category/3/
2061219902 (1 visits).jpg,http://169.53.132.62/gallery/index.php?/category/3/
2061221842 (2 visits).jpg,http://169.53.132.62/gallery/index.php?/category/3/start-15
2061223818 (2 visits).jpg,http://169.53.132.62/gallery/index.php?/category/3/start-15
2063292935 (2 visits).jpg,http://169.53.132.62/gallery/index.php?/category/3/start-15
2063497573 (1 visits).jpg,http://169.53.132.62/gallery/index.php?/category/3/start-15
2063498133 (1 visits).jpg,http://169.53.132.62/gallery/index.php?/category/3/start-15
2063498363 (1 visits).jpg,http://169.53.132.62/gallery/index.php?/category/3/start-15
2063498681 (1 visits).jpg,http://169.53.132.62/gallery/index.php?/category/3/start-15
2063499461.jpg,http://169.53.132.62/gallery/index.php?/category/3/start-15
2063500097.jpg,http://169.53.132.62/gallery/index.php?/category/3/start-15
2063500443.jpg,http://169.53.132.62/gallery/index.php?/category/3/start-15
2063500689.jpg,http://169.53.132.62/gallery/index.php?/category/3/start-15
2063501053.jpg,http://169.53.132.62/gallery/index.php?/category/3/start-15
2063501345.jpg,http://169.53.132.62/gallery/index.php?/category/3/start-15
2063501857.jpg,http://169.53.132.62/gallery/index.php?/category/3/start-15
2063503183.jpg,http://169.53.132.62/gallery/index.php?/category/3/start-15
2063503415.jpg,http://169.53.132.62/gallery/index.php?/category/3/start-30
2063503817.jpg,http://169.53.132.62/gallery/index.php?/category/3/start-30
2063504375.jpg,http://169.53.132.62/gallery/index.php?/category/3/start-30
2063504945.jpg,http://169.53.132.62/gallery/index.php?/category/3/start-30
2063505647.jpg,http://169.53.132.62/gallery/index.php?/category/3/start-30
2063506601.jpg,http://169.53.132.62/gallery/index.php?/category/3/start-30
2063508495.jpg,http://169.53.132.62/gallery/index.php?/category/3/start-30
2063509841.jpg,http://169.53.132.62/gallery/index.php?/category/3/start-30
2063510273.jpg,http://169.53.132.62/gallery/index.php?/category/3/start-30
2063510665.jpg,http://169.53.132.62/gallery/index.php?/category/3/start-30
2063510977.jpg,http://169.53.132.62/gallery/index.php?/category/3/start-30
2063511709.jpg,http://169.53.132.62/gallery/index.php?/category/3/start-30
2063513109.jpg,http://169.53.132.62/gallery/index.php?/category/3/start-30
2063514209.jpg,http://169.53.132.62/gallery/index.php?/category/3/start-30
2063515277.jpg,http://169.53.132.62/gallery/index.php?/category/3/start-30
2063516285.jpg,http://169.53.132.62/gallery/index.php?/category/3/start-45
2063517853.jpg,http://169.53.132.62/gallery/index.php?/category/3/start-45
2063519407.jpg,http://169.53.132.62/gallery/index.php?/category/3/start-45
2063519995.jpg,http://169.53.132.62/gallery/index.php?/category/3/start-45
20635678.jpg,http://169.53.132.62/gallery/index.php?/category/3/start-45
2064291214.jpg,http://169.53.132.62/gallery/index.php?/category/3/start-45
2064292320.jpg,http://169.53.132.62/gallery/index.php?/category/3/start-45
2064293072.jpg,http://169.53.132.62/gallery/index.php?/category/3/start-45
2064295586.jpg,http://169.53.132.62/gallery/index.php?/category/3/start-45
2064295896.jpg,http://169.53.132.62/gallery/index.php?/category/3/start-45
2064296210.jpg,http://169.53.132.62/gallery/index.php?/category/3/start-45
2064299314.jpg,http://169.53.132.62/gallery/index.php?/category/3/start-45
2064299628.jpg,http://169.53.132.62/gallery/index.php?/category/3/start-45
2064300450.jpg,http://169.53.132.62/gallery/index.php?/category/3/start-45
2064300772.jpg,http://169.53.132.62/gallery/index.php?/category/3/start-45
2064301106.jpg,http://169.53.132.62/gallery/index.php?/category/3/start-60
2064301436.jpg,http://169.53.132.62/gallery/index.php?/category/3/start-60
2064302072.jpg,http://169.53.132.62/gallery/index.php?/category/3/start-60
2064302480.jpg,http://169.53.132.62/gallery/index.php?/category/3/start-60
2064302746.jpg,http://169.53.132.62/gallery/index.php?/category/3/start-60
2064304508.jpg,http://169.53.132.62/gallery/index.php?/category/3/start-60
2064305332.jpg,http://169.53.132.62/gallery/index.php?/category/3/start-60
2064305762.jpg,http://169.53.132.62/gallery/index.php?/category/3/start-60
2064306968.jpg,http://169.53.132.62/gallery/index.php?/category/3/start-60
2064308020.jpg,http://169.53.132.62/gallery/index.php?/category/3/start-60
2064309306.jpg,http://169.53.132.62/gallery/index.php?/category/3/start-60
2064310272.jpg,http://169.53.132.62/gallery/index.php?/category/3/start-60
2064310726.jpg,http://169.53.132.62/gallery/index.php?/category/3/start-60
2064311574.jpg,http://169.53.132.62/gallery/index.php?/category/3/start-60
2064312050.jpg,http://169.53.132.62/gallery/index.php?/category/3/start-60
2064312282.jpg,http://169.53.132.62/gallery/index.php?/category/3/start-75
2064313050.jpg,http://169.53.132.62/gallery/index.php?/category/3/start-75
2069104960.jpg,http://169.53.132.62/gallery/index.php?/category/3/start-75
206932529.jpg,http://169.53.132.62/gallery/index.php?/category/3/start-75
2070594245.jpg,http://169.53.132.62/gallery/index.php?/category/3/start-75
2070995323.jpg,http://169.53.132.62/gallery/index.php?/category/3/start-75
2071005903.jpg,http://169.53.132.62/gallery/index.php?/category/3/start-75
2071459219.jpg,http://169.53.132.62/gallery/index.php?/category/3/start-75
2071734794.jpg,http://169.53.132.62/gallery/index.php?/category/3/start-75
2071740892.jpg,http://169.53.132.62/gallery/index.php?/category/3/start-75
2071827664.jpg,http://169.53.132.62/gallery/index.php?/category/3/start-75
20720001.jpg,http://169.53.132.62/gallery/index.php?/category/3/start-75
20720219.jpg,http://169.53.132.62/gallery/index.php?/category/3/start-75
2072496.jpg,http://169.53.132.62/gallery/index.php?/category/3/start-75
2072505.jpg,http://169.53.132.62/gallery/index.php?/category/3/start-75
20727896.jpg,http://169.53.132.62/gallery/index.php?/category/3/start-90
20727956.jpg,http://169.53.132.62/gallery/index.php?/category/3/start-90
20728003.jpg,http://169.53.132.62/gallery/index.php?/category/3/start-90
2073142398.jpg,http://169.53.132.62/gallery/index.php?/category/3/start-90
207347050.jpg,http://169.53.132.62/gallery/index.php?/category/3/start-90
2074010666.jpg,http://169.53.132.62/gallery/index.php?/category/3/start-90
2074012210.jpg,http://169.53.132.62/gallery/index.php?/category/3/start-90
2074541938.jpg,http://169.53.132.62/gallery/index.php?/category/3/start-90
2074771645.jpg,http://169.53.132.62/gallery/index.php?/category/3/start-90
2074771655.jpg,http://169.53.132.62/gallery/index.php?/category/3/start-90
207745670.jpg,http://169.53.132.62/gallery/index.php?/category/3/start-90
207745786.jpg,http://169.53.132.62/gallery/index.php?/category/3/start-90
207745908.jpg,http://169.53.132.62/gallery/index.php?/category/3/start-90
207746075.jpg,http://169.53.132.62/gallery/index.php?/category/3/start-90
207746281.jpg,http://169.53.132.62/gallery/index.php?/category/3/start-90
207746436.jpg,http://169.53.132.62/gallery/index.php?/category/3/start-105
207746515.jpg,http://169.53.132.62/gallery/index.php?/category/3/start-105
207746622.jpg,http://169.53.132.62/gallery/index.php?/category/3/start-105
207746705.jpg,http://169.53.132.62/gallery/index.php?/category/3/start-105
207746886.jpg,http://169.53.132.62/gallery/index.php?/category/3/start-105
207746996.jpg,http://169.53.132.62/gallery/index.php?/category/3/start-105
207747073.jpg,http://169.53.132.62/gallery/index.php?/category/3/start-105
207747146.jpg,http://169.53.132.62/gallery/index.php?/category/3/start-105
207747357.jpg,http://169.53.132.62/gallery/index.php?/category/3/start-105
207747445.jpg,http://169.53.132.62/gallery/index.php?/category/3/start-105
207747540.jpg,http://169.53.132.62/gallery/index.php?/category/3/start-105
207747631.jpg,http://169.53.132.62/gallery/index.php?/category/3/start-105
207747802.jpg,http://169.53.132.62/gallery/index.php?/category/3/start-105
207747980.jpg,http://169.53.132.62/gallery/index.php?/category/3/start-105
207748171.jpg,http://169.53.132.62/gallery/index.php?/category/3/start-105
207748410.jpg,http://169.53.132.62/gallery/index.php?/category/3/start-120
207748615.jpg,http://169.53.132.62/gallery/index.php?/category/3/start-120
207748827.jpg,http://169.53.132.62/gallery/index.php?/category/3/start-120
207748935.jpg,http://169.53.132.62/gallery/index.php?/category/3/start-120
207749136.jpg,http://169.53.132.62/gallery/index.php?/category/3/start-120
207749254.jpg,http://169.53.132.62/gallery/index.php?/category/3/start-120
207749454.jpg,http://169.53.132.62/gallery/index.php?/category/3/start-120
207749670.jpg,http://169.53.132.62/gallery/index.php?/category/3/start-120
207749887.jpg,http://169.53.132.62/gallery/index.php?/category/3/start-120
207750111.jpg,http://169.53.132.62/gallery/index.php?/category/3/start-120
207750242.jpg,http://169.53.132.62/gallery/index.php?/category/3/start-120
207750387.jpg,http://169.53.132.62/gallery/index.php?/category/3/start-120
207750563.jpg,http://169.53.132.62/gallery/index.php?/category/3/start-120
207750775.jpg,http://169.53.132.62/gallery/index.php?/category/3/start-120
207751043.jpg,http://169.53.132.62/gallery/index.php?/category/3/start-120
207751227.jpg,http://169.53.132.62/gallery/index.php?/category/3/start-135
207751413.jpg,http://169.53.132.62/gallery/index.php?/category/3/start-135
207751598.jpg,http://169.53.132.62/gallery/index.php?/category/3/start-135
207751768.jpg,http://169.53.132.62/gallery/index.php?/category/3/start-135
207751934.jpg,http://169.53.132.62/gallery/index.php?/category/3/start-135
207752001.jpg,http://169.53.132.62/gallery/index.php?/category/3/start-135
207752214.jpg,http://169.53.132.62/gallery/index.php?/category/3/start-135
207752586.jpg,http://169.53.132.62/gallery/index.php?/category/3/start-135
207752716.jpg,http://169.53.132.62/gallery/index.php?/category/3/start-135
207752847.jpg,http://169.53.132.62/gallery/index.php?/category/3/start-135
207753067.jpg,http://169.53.132.62/gallery/index.php?/category/3/start-135
207753299.jpg,http://169.53.132.62/gallery/index.php?/category/3/start-135
207753495.jpg,http://169.53.132.62/gallery/index.php?/category/3/start-135
207753729.jpg,http://169.53.132.62/gallery/index.php?/category/3/start-135
207753896.jpg,http://169.53.132.62/gallery/index.php?/category/3/start-135
207753953.jpg,http://169.53.132.62/gallery/index.php?/category/3/start-150
207754000.jpg,http://169.53.132.62/gallery/index.php?/category/3/start-150
207754066.jpg,http://169.53.132.62/gallery/index.php?/category/3/start-150
207754125.jpg,http://169.53.132.62/gallery/index.php?/category/3/start-150
207754283.jpg,http://169.53.132.62/gallery/index.php?/category/3/start-150
207754358.jpg,http://169.53.132.62/gallery/index.php?/category/3/start-150
207754449.jpg,http://169.53.132.62/gallery/index.php?/category/3/start-150
207754525.jpg,http://169.53.132.62/gallery/index.php?/category/3/start-150
207754597.jpg,http://169.53.132.62/gallery/index.php?/category/3/start-150
207754708.jpg,http://169.53.132.62/gallery/index.php?/category/3/start-150
207754791.jpg,http://169.53.132.62/gallery/index.php?/category/3/start-150
207754861.jpg,http://169.53.132.62/gallery/index.php?/category/3/start-150
207754932.jpg,http://169.53.132.62/gallery/index.php?/category/3/start-150
207755038.jpg,http://169.53.132.62/gallery/index.php?/category/3/start-150
207755109.jpg,http://169.53.132.62/gallery/index.php?/category/3/start-150
207755180.jpg,http://169.53.132.62/gallery/index.php?/category/3/start-165
207755271.jpg,http://169.53.132.62/gallery/index.php?/category/3/start-165
207755347.jpg,http://169.53.132.62/gallery/index.php?/category/3/start-165
207755427.jpg,http://169.53.132.62/gallery/index.php?/category/3/start-165
207755514.jpg,http://169.53.132.62/gallery/index.php?/category/3/start-165
207755588.jpg,http://169.53.132.62/gallery/index.php?/category/3/start-165
207755676.jpg,http://169.53.132.62/gallery/index.php?/category/3/start-165
207755770.jpg,http://169.53.132.62/gallery/index.php?/category/3/start-165
207755892.jpg,http://169.53.132.62/gallery/index.php?/category/3/start-165
207755977.jpg,http://169.53.132.62/gallery/index.php?/category/3/start-165
207756055.jpg,http://169.53.132.62/gallery/index.php?/category/3/start-165
207756169.jpg,http://169.53.132.62/gallery/index.php?/category/3/start-165
207756240.jpg,http://169.53.132.62/gallery/index.php?/category/3/start-165
207756414.jpg,http://169.53.132.62/gallery/index.php?/category/3/start-165
207756576.jpg,http://169.53.132.62/gallery/index.php?/category/3/start-165
207756776.jpg,http://169.53.132.62/gallery/index.php?/category/3/start-180
207756932.jpg,http://169.53.132.62/gallery/index.php?/category/3/start-180
207757087.jpg,http://169.53.132.62/gallery/index.php?/category/3/start-180
207757234.jpg,http://169.53.132.62/gallery/index.php?/category/3/start-180
207757399.jpg,http://169.53.132.62/gallery/index.php?/category/3/start-180
207757582.jpg,http://169.53.132.62/gallery/index.php?/category/3/start-180
207757726.jpg,http://169.53.132.62/gallery/index.php?/category/3/start-180
207757771.jpg,http://169.53.132.62/gallery/index.php?/category/3/start-180
207757833.jpg,http://169.53.132.62/gallery/index.php?/category/3/start-180
207757915.jpg,http://169.53.132.62/gallery/index.php?/category/3/start-180
207758021.jpg,http://169.53.132.62/gallery/index.php?/category/3/start-180
207758074.jpg,http://169.53.132.62/gallery/index.php?/category/3/start-180
207758124.jpg,http://169.53.132.62/gallery/index.php?/category/3/start-180
207758233.jpg,http://169.53.132.62/gallery/index.php?/category/3/start-180
207758328.jpg,http://169.53.132.62/gallery/index.php?/category/3/start-180
207758429.jpg,http://169.53.132.62/gallery/index.php?/category/3/start-195
207758524.jpg,http://169.53.132.62/gallery/index.php?/category/3/start-195
207758599.jpg,http://169.53.132.62/gallery/index.php?/category/3/start-195
207758698.jpg,http://169.53.132.62/gallery/index.php?/category/3/start-195
207758799.jpg,http://169.53.132.62/gallery/index.php?/category/3/start-195
207758993.jpg,http://169.53.132.62/gallery/index.php?/category/3/start-195
207759165.jpg,http://169.53.132.62/gallery/index.php?/category/3/start-195
207759343.jpg,http://169.53.132.62/gallery/index.php?/category/3/start-195
207759386.jpg,http://169.53.132.62/gallery/index.php?/category/3/start-195
207759576.jpg,http://169.53.132.62/gallery/index.php?/category/3/start-195
207759782.jpg,http://169.53.132.62/gallery/index.php?/category/3/start-195
207759855.jpg,http://169.53.132.62/gallery/index.php?/category/3/start-195
207759924.jpg,http://169.53.132.62/gallery/index.php?/category/3/start-195
207760008.jpg,http://169.53.132.62/gallery/index.php?/category/3/start-195
207760101.jpg,http://169.53.132.62/gallery/index.php?/category/3/start-195
207760196.jpg,http://169.53.132.62/gallery/index.php?/category/3/start-210
207760325.jpg,http://169.53.132.62/gallery/index.php?/category/3/start-210
207760415.jpg,http://169.53.132.62/gallery/index.php?/category/3/start-210
207760502.jpg,http://169.53.132.62/gallery/index.php?/category/3/start-210
207760570.jpg,http://169.53.132.62/gallery/index.php?/category/3/start-210
207760645.jpg,http://169.53.132.62/gallery/index.php?/category/3/start-210
207760722.jpg,http://169.53.132.62/gallery/index.php?/category/3/start-210
207760830.jpg,http://169.53.132.62/gallery/index.php?/category/3/start-210
207760890.jpg,http://169.53.132.62/gallery/index.php?/category/3/start-210
207761040.jpg,http://169.53.132.62/gallery/index.php?/category/3/start-210
207761102.jpg,http://169.53.132.62/gallery/index.php?/category/3/start-210
207761251.jpg,http://169.53.132.62/gallery/index.php?/category/3/start-210
207761528.jpg,http://169.53.132.62/gallery/index.php?/category/3/start-210
207761700.jpg,http://169.53.132.62/gallery/index.php?/category/3/start-210
207761770.jpg,http://169.53.132.62/gallery/index.php?/category/3/start-210
207761835.jpg,http://169.53.132.62/gallery/index.php?/category/3/start-225
207761901.jpg,http://169.53.132.62/gallery/index.php?/category/3/start-225
207761969.jpg,http://169.53.132.62/gallery/index.php?/category/3/start-225
207762035.jpg,http://169.53.132.62/gallery/index.php?/category/3/start-225
207762209.jpg,http://169.53.132.62/gallery/index.php?/category/3/start-225
207762435.jpg,http://169.53.132.62/gallery/index.php?/category/3/start-225
207762633.jpg,http://169.53.132.62/gallery/index.php?/category/3/start-225
207762808.jpg,http://169.53.132.62/gallery/index.php?/category/3/start-225
207762933.jpg,http://169.53.132.62/gallery/index.php?/category/3/start-225
207763103.jpg,http://169.53.132.62/gallery/index.php?/category/3/start-225
207763270.jpg,http://169.53.132.62/gallery/index.php?/category/3/start-225
207763501.jpg,http://169.53.132.62/gallery/index.php?/category/3/start-225
207763596.jpg,http://169.53.132.62/gallery/index.php?/category/3/start-225
207763678.jpg,http://169.53.132.62/gallery/index.php?/category/3/start-225
207763751.jpg,http://169.53.132.62/gallery/index.php?/category/3/start-225
207763940.jpg,http://169.53.132.62/gallery/index.php?/category/3/start-240
207764037.jpg,http://169.53.132.62/gallery/index.php?/category/3/start-240
207764171.jpg,http://169.53.132.62/gallery/index.php?/category/3/start-240
207764274.jpg,http://169.53.132.62/gallery/index.php?/category/3/start-240
207764354.jpg,http://169.53.132.62/gallery/index.php?/category/3/start-240
207764427.jpg,http://169.53.132.62/gallery/index.php?/category/3/start-240
207764544.jpg,http://169.53.132.62/gallery/index.php?/category/3/start-240
207764634.jpg,http://169.53.132.62/gallery/index.php?/category/3/start-240
207764708.jpg,http://169.53.132.62/gallery/index.php?/category/3/start-240
207764761.jpg,http://169.53.132.62/gallery/index.php?/category/3/start-240
207764818.jpg,http://169.53.132.62/gallery/index.php?/category/3/start-240
207764963.jpg,http://169.53.132.62/gallery/index.php?/category/3/start-240
207765087.jpg,http://169.53.132.62/gallery/index.php?/category/3/start-240
207765225.jpg,http://169.53.132.62/gallery/index.php?/category/3/start-240
207765286.jpg,http://169.53.132.62/gallery/index.php?/category/3/start-240
207765362.jpg,http://169.53.132.62/gallery/index.php?/category/3/start-255
207765580.jpg,http://169.53.132.62/gallery/index.php?/category/3/start-255
207765749.jpg,http://169.53.132.62/gallery/index.php?/category/3/start-255
207765902.jpg,http://169.53.132.62/gallery/index.php?/category/3/start-255
207766047.jpg,http://169.53.132.62/gallery/index.php?/category/3/start-255
207766303.jpg,http://169.53.132.62/gallery/index.php?/category/3/start-255
207766472.jpg,http://169.53.132.62/gallery/index.php?/category/3/start-255
207766590.jpg,http://169.53.132.62/gallery/index.php?/category/3/start-255
207766720.jpg,http://169.53.132.62/gallery/index.php?/category/3/start-255
207766876.jpg,http://169.53.132.62/gallery/index.php?/category/3/start-255
207767035.jpg,http://169.53.132.62/gallery/index.php?/category/3/start-255
207767207.jpg,http://169.53.132.62/gallery/index.php?/category/3/start-255
207767414.jpg,http://169.53.132.62/gallery/index.php?/category/3/start-255
207767592.jpg,http://169.53.132.62/gallery/index.php?/category/3/start-255
207767660.jpg,http://169.53.132.62/gallery/index.php?/category/3/start-255
207767802.jpg,http://169.53.132.62/gallery/index.php?/category/3/start-270
207767968.jpg,http://169.53.132.62/gallery/index.php?/category/3/start-270
207768115.jpg,http://169.53.132.62/gallery/index.php?/category/3/start-270
207768189.jpg,http://169.53.132.62/gallery/index.php?/category/3/start-270
207768392.jpg,http://169.53.132.62/gallery/index.php?/category/3/start-270
207768645.jpg,http://169.53.132.62/gallery/index.php?/category/3/start-270
207768874.jpg,http://169.53.132.62/gallery/index.php?/category/3/start-270
207769014.jpg,http://169.53.132.62/gallery/index.php?/category/3/start-270
207769217.jpg,http://169.53.132.62/gallery/index.php?/category/3/start-270
207769394.jpg,http://169.53.132.62/gallery/index.php?/category/3/start-270
207769553.jpg,http://169.53.132.62/gallery/index.php?/category/3/start-270
207769753.jpg,http://169.53.132.62/gallery/index.php?/category/3/start-270
207769891.jpg,http://169.53.132.62/gallery/index.php?/category/3/start-270
207770134.jpg,http://169.53.132.62/gallery/index.php?/category/3/start-270
207770233.jpg,http://169.53.132.62/gallery/index.php?/category/3/start-270
207770321.jpg,http://169.53.132.62/gallery/index.php?/category/3/start-285
207770424.jpg,http://169.53.132.62/gallery/index.php?/category/3/start-285
207770506.jpg,http://169.53.132.62/gallery/index.php?/category/3/start-285
207770681.jpg,http://169.53.132.62/gallery/index.php?/category/3/start-285
207770822.jpg,http://169.53.132.62/gallery/index.php?/category/3/start-285
207771107.jpg,http://169.53.132.62/gallery/index.php?/category/3/start-285
207771273.jpg,http://169.53.132.62/gallery/index.php?/category/3/start-285
207771397.jpg,http://169.53.132.62/gallery/index.php?/category/3/start-285
207771616.jpg,http://169.53.132.62/gallery/index.php?/category/3/start-285
207771817.jpg,http://169.53.132.62/gallery/index.php?/category/3/start-285
207771984.jpg,http://169.53.132.62/gallery/index.php?/category/3/start-285
207772201.jpg,http://169.53.132.62/gallery/index.php?/category/3/start-285
207772417.jpg,http://169.53.132.62/gallery/index.php?/category/3/start-285
207772673.jpg,http://169.53.132.62/gallery/index.php?/category/3/start-285
207772928.jpg,http://169.53.132.62/gallery/index.php?/category/3/start-285
207773211.jpg,http://169.53.132.62/gallery/index.php?/category/3/start-300
207773438.jpg,http://169.53.132.62/gallery/index.php?/category/3/start-300
207773544.jpg,http://169.53.132.62/gallery/index.php?/category/3/start-300
207773634.jpg,http://169.53.132.62/gallery/index.php?/category/3/start-300
207773734.jpg,http://169.53.132.62/gallery/index.php?/category/3/start-300
207773787.jpg,http://169.53.132.62/gallery/index.php?/category/3/start-300
207773857.jpg,http://169.53.132.62/gallery/index.php?/category/3/start-300
207773896.jpg,http://169.53.132.62/gallery/index.php?/category/3/start-300
207773989.jpg,http://169.53.132.62/gallery/index.php?/category/3/start-300
207774028.jpg,http://169.53.132.62/gallery/index.php?/category/3/start-300
207774065.jpg,http://169.53.132.62/gallery/index.php?/category/3/start-300
207774154.jpg,http://169.53.132.62/gallery/index.php?/category/3/start-300
207774269.jpg,http://169.53.132.62/gallery/index.php?/category/3/start-300
207774385.jpg,http://169.53.132.62/gallery/index.php?/category/3/start-300
207774467.jpg,http://169.53.132.62/gallery/index.php?/category/3/start-300
207774570.jpg,http://169.53.132.62/gallery/index.php?/category/3/start-315
207774636.jpg,http://169.53.132.62/gallery/index.php?/category/3/start-315
207774727.jpg,http://169.53.132.62/gallery/index.php?/category/3/start-315
207774844.jpg,http://169.53.132.62/gallery/index.php?/category/3/start-315
207774923.jpg,http://169.53.132.62/gallery/index.php?/category/3/start-315
207775008.jpg,http://169.53.132.62/gallery/index.php?/category/3/start-315
207775127.jpg,http://169.53.132.62/gallery/index.php?/category/3/start-315
207775338.jpg,http://169.53.132.62/gallery/index.php?/category/3/start-315
207775448.jpg,http://169.53.132.62/gallery/index.php?/category/3/start-315
207775570.jpg,http://169.53.132.62/gallery/index.php?/category/3/start-315
207775737.jpg,http://169.53.132.62/gallery/index.php?/category/3/start-315
207775916.jpg,http://169.53.132.62/gallery/index.php?/category/3/start-315
207776049.jpg,http://169.53.132.62/gallery/index.php?/category/3/start-315
207776199.jpg,http://169.53.132.62/gallery/index.php?/category/3/start-315
207776294.jpg,http://169.53.132.62/gallery/index.php?/category/3/start-315
207776433.jpg,http://169.53.132.62/gallery/index.php?/category/3/start-330
207776491.jpg,http://169.53.132.62/gallery/index.php?/category/3/start-330
207776571.jpg,http://169.53.132.62/gallery/index.php?/category/3/start-330
207776654.jpg,http://169.53.132.62/gallery/index.php?/category/3/start-330
207776875.jpg,http://169.53.132.62/gallery/index.php?/category/3/start-330
207776965.jpg,http://169.53.132.62/gallery/index.php?/category/3/start-330
207777055.jpg,http://169.53.132.62/gallery/index.php?/category/3/start-330
207777157.jpg,http://169.53.132.62/gallery/index.php?/category/3/start-330
207777378.jpg,http://169.53.132.62/gallery/index.php?/category/3/start-330
207777494.jpg,http://169.53.132.62/gallery/index.php?/category/3/start-330
207777586.jpg,http://169.53.132.62/gallery/index.php?/category/3/start-330
207777658.jpg,http://169.53.132.62/gallery/index.php?/category/3/start-330
207777782.jpg,http://169.53.132.62/gallery/index.php?/category/3/start-330
207777868.jpg,http://169.53.132.62/gallery/index.php?/category/3/start-330
207777962.jpg,http://169.53.132.62/gallery/index.php?/category/3/start-330
207778068.jpg,http://169.53.132.62/gallery/index.php?/category/3/start-345
207778242.jpg,http://169.53.132.62/gallery/index.php?/category/3/start-345
207778335.jpg,http://169.53.132.62/gallery/index.php?/category/3/start-345
207778462.jpg,http://169.53.132.62/gallery/index.php?/category/3/start-345
207778602.jpg,http://169.53.132.62/gallery/index.php?/category/3/start-345
207778730.jpg,http://169.53.132.62/gallery/index.php?/category/3/start-345
207778844.jpg,http://169.53.132.62/gallery/index.php?/category/3/start-345
207778945.jpg,http://169.53.132.62/gallery/index.php?/category/3/start-345
207779032.jpg,http://169.53.132.62/gallery/index.php?/category/3/start-345
207779134.jpg,http://169.53.132.62/gallery/index.php?/category/3/start-345
207779353.jpg,http://169.53.132.62/gallery/index.php?/category/3/start-345
207779544.jpg,http://169.53.132.62/gallery/index.php?/category/3/start-345
207779742.jpg,http://169.53.132.62/gallery/index.php?/category/3/start-345
207779975.jpg,http://169.53.132.62/gallery/index.php?/category/3/start-345
207780173.jpg,http://169.53.132.62/gallery/index.php?/category/3/start-345
207780330.jpg,http://169.53.132.62/gallery/index.php?/category/3/start-360
207780509.jpg,http://169.53.132.62/gallery/index.php?/category/3/start-360
207780688.jpg,http://169.53.132.62/gallery/index.php?/category/3/start-360
207780939.jpg,http://169.53.132.62/gallery/index.php?/category/3/start-360
207781177.jpg,http://169.53.132.62/gallery/index.php?/category/3/start-360
207781417.jpg,http://169.53.132.62/gallery/index.php?/category/3/start-360
207781657.jpg,http://169.53.132.62/gallery/index.php?/category/3/start-360
207781870.jpg,http://169.53.132.62/gallery/index.php?/category/3/start-360
207782102.jpg,http://169.53.132.62/gallery/index.php?/category/3/start-360
207782339.jpg,http://169.53.132.62/gallery/index.php?/category/3/start-360
207782539.jpg,http://169.53.132.62/gallery/index.php?/category/3/start-360
207782751.jpg,http://169.53.132.62/gallery/index.php?/category/3/start-360
207782949.jpg,http://169.53.132.62/gallery/index.php?/category/3/start-360
207783147.jpg,http://169.53.132.62/gallery/index.php?/category/3/start-360
207783367.jpg,http://169.53.132.62/gallery/index.php?/category/3/start-360
207783521.jpg,http://169.53.132.62/gallery/index.php?/category/3/start-375
207783673.jpg,http://169.53.132.62/gallery/index.php?/category/3/start-375
207783848.jpg,http://169.53.132.62/gallery/index.php?/category/3/start-375
207783912.jpg,http://169.53.132.62/gallery/index.php?/category/3/start-375
207784008.jpg,http://169.53.132.62/gallery/index.php?/category/3/start-375
207784161.jpg,http://169.53.132.62/gallery/index.php?/category/3/start-375
2079698738.jpg,http://169.53.132.62/gallery/index.php?/category/3/start-375
2080587824.jpg,http://169.53.132.62/gallery/index.php?/category/3/start-375
208408024.jpg,http://169.53.132.62/gallery/index.php?/category/3/start-375
208409078.jpg,http://169.53.132.62/gallery/index.php?/category/3/start-375
208409969.jpg,http://169.53.132.62/gallery/index.php?/category/3/start-375
208439383.jpg,http://169.53.132.62/gallery/index.php?/category/3/start-375
208439425.jpg,http://169.53.132.62/gallery/index.php?/category/3/start-375
208439556.jpg,http://169.53.132.62/gallery/index.php?/category/3/start-375
208439602.jpg,http://169.53.132.62/gallery/index.php?/category/3/start-375
208439791.jpg,http://169.53.132.62/gallery/index.php?/category/3/start-390
208439852.jpg,http://169.53.132.62/gallery/index.php?/category/3/start-390
2085413311.jpg,http://169.53.132.62/gallery/index.php?/category/3/start-390
2087349806.jpg,http://169.53.132.62/gallery/index.php?/category/3/start-390
2092053449.jpg,http://169.53.132.62/gallery/index.php?/category/3/start-390
2093411006.jpg,http://169.53.132.62/gallery/index.php?/category/3/start-390
209511849.jpg,http://169.53.132.62/gallery/index.php?/category/3/start-390
2095724722.jpg,http://169.53.132.62/gallery/index.php?/category/3/start-390
2095841683.jpg,http://169.53.132.62/gallery/index.php?/category/3/start-390
209625496.jpg,http://169.53.132.62/gallery/index.php?/category/3/start-390
209625685.jpg,http://169.53.132.62/gallery/index.php?/category/3/start-390
209625899.jpg,http://169.53.132.62/gallery/index.php?/category/3/start-390
209626081.jpg,http://169.53.132.62/gallery/index.php?/category/3/start-390
209626325.jpg,http://169.53.132.62/gallery/index.php?/category/3/start-390
209626690.jpg,http://169.53.132.62/gallery/index.php?/category/3/start-390
209626939.jpg,http://169.53.132.62/gallery/index.php?/category/3/start-405
209627332.jpg,http://169.53.132.62/gallery/index.php?/category/3/start-405
209627683.jpg,http://169.53.132.62/gallery/index.php?/category/3/start-405
209627944.jpg,http://169.53.132.62/gallery/index.php?/category/3/start-405
209628235.jpg,http://169.53.132.62/gallery/index.php?/category/3/start-405
209628508.jpg,http://169.53.132.62/gallery/index.php?/category/3/start-405
209628806.jpg,http://169.53.132.62/gallery/index.php?/category/3/start-405
209628997.jpg,http://169.53.132.62/gallery/index.php?/category/3/start-405
209629261.jpg,http://169.53.132.62/gallery/index.php?/category/3/start-405
209629545.jpg,http://169.53.132.62/gallery/index.php?/category/3/start-405
209629953.jpg,http://169.53.132.62/gallery/index.php?/category/3/start-405
209630331.jpg,http://169.53.132.62/gallery/index.php?/category/3/start-405
209630614.jpg,http://169.53.132.62/gallery/index.php?/category/3/start-405
209630932.jpg,http://169.53.132.62/gallery/index.php?/category/3/start-405
209631192.jpg,http://169.53.132.62/gallery/index.php?/category/3/start-405
209631426.jpg,http://169.53.132.62/gallery/index.php?/category/3/start-420
209631596.jpg,http://169.53.132.62/gallery/index.php?/category/3/start-420
209631851.jpg,http://169.53.132.62/gallery/index.php?/category/3/start-420
209632093.jpg,http://169.53.132.62/gallery/index.php?/category/3/start-420
209632289.jpg,http://169.53.132.62/gallery/index.php?/category/3/start-420
209632510.jpg,http://169.53.132.62/gallery/index.php?/category/3/start-420
209632736.jpg,http://169.53.132.62/gallery/index.php?/category/3/start-420
209632943.jpg,http://169.53.132.62/gallery/index.php?/category/3/start-420
209633186.jpg,http://169.53.132.62/gallery/index.php?/category/3/start-420
209633490.jpg,http://169.53.132.62/gallery/index.php?/category/3/start-420
209633752.jpg,http://169.53.132.62/gallery/index.php?/category/3/start-420
209633942.jpg,http://169.53.132.62/gallery/index.php?/category/3/start-420
209634123.jpg,http://169.53.132.62/gallery/index.php?/category/3/start-420
209634307.jpg,http://169.53.132.62/gallery/index.php?/category/3/start-420
209634460.jpg,http://169.53.132.62/gallery/index.php?/category/3/start-420
209634649.jpg,http://169.53.132.62/gallery/index.php?/category/3/start-435
209634834.jpg,http://169.53.132.62/gallery/index.php?/category/3/start-435
209635011.jpg,http://169.53.132.62/gallery/index.php?/category/3/start-435
209635234.jpg,http://169.53.132.62/gallery/index.php?/category/3/start-435
209635510.jpg,http://169.53.132.62/gallery/index.php?/category/3/start-435
209635705.jpg,http://169.53.132.62/gallery/index.php?/category/3/start-435
209635887.jpg,http://169.53.132.62/gallery/index.php?/category/3/start-435
209636099.jpg,http://169.53.132.62/gallery/index.php?/category/3/start-435
209636315.jpg,http://169.53.132.62/gallery/index.php?/category/3/start-435
209636479.jpg,http://169.53.132.62/gallery/index.php?/category/3/start-435
209636636.jpg,http://169.53.132.62/gallery/index.php?/category/3/start-435
209636835.jpg,http://169.53.132.62/gallery/index.php?/category/3/start-435
209637085.jpg,http://169.53.132.62/gallery/index.php?/category/3/start-435
209637331.jpg,http://169.53.132.62/gallery/index.php?/category/3/start-435
209637560.jpg,http://169.53.132.62/gallery/index.php?/category/3/start-435
209637837.jpg,http://169.53.132.62/gallery/index.php?/category/3/start-450
209638091.jpg,http://169.53.132.62/gallery/index.php?/category/3/start-450
209638422.jpg,http://169.53.132.62/gallery/index.php?/category/3/start-450
209638727.jpg,http://169.53.132.62/gallery/index.php?/category/3/start-450
209639161.jpg,http://169.53.132.62/gallery/index.php?/category/3/start-450
209639582.jpg,http://169.53.132.62/gallery/index.php?/category/3/start-450
209639853.jpg,http://169.53.132.62/gallery/index.php?/category/3/start-450
209640132.jpg,http://169.53.132.62/gallery/index.php?/category/3/start-450
209640394.jpg,http://169.53.132.62/gallery/index.php?/category/3/start-450
209640663.jpg,http://169.53.132.62/gallery/index.php?/category/3/start-450
209640921.jpg,http://169.53.132.62/gallery/index.php?/category/3/start-450
209641222.jpg,http://169.53.132.62/gallery/index.php?/category/3/start-450
209641529.jpg,http://169.53.132.62/gallery/index.php?/category/3/start-450
209641815.jpg,http://169.53.132.62/gallery/index.php?/category/3/start-450
209642191.jpg,http://169.53.132.62/gallery/index.php?/category/3/start-450
209642559.jpg,http://169.53.132.62/gallery/index.php?/category/3/start-465
209642873.jpg,http://169.53.132.62/gallery/index.php?/category/3/start-465
2096796409.jpg,http://169.53.132.62/gallery/index.php?/category/3/start-465
2096796415.jpg,http://169.53.132.62/gallery/index.php?/category/3/start-465
2097552486.jpg,http://169.53.132.62/gallery/index.php?/category/3/start-465
2097552490.jpg,http://169.53.132.62/gallery/index.php?/category/3/start-465
209780117.jpg,http://169.53.132.62/gallery/index.php?/category/3/start-465
209782051.jpg,http://169.53.132.62/gallery/index.php?/category/3/start-465
209783574.jpg,http://169.53.132.62/gallery/index.php?/category/3/start-465
209784347.jpg,http://169.53.132.62/gallery/index.php?/category/3/start-465
209785723.jpg,http://169.53.132.62/gallery/index.php?/category/3/start-465
209786097.jpg,http://169.53.132.62/gallery/index.php?/category/3/start-465
209786490.jpg,http://169.53.132.62/gallery/index.php?/category/3/start-465
209786955.jpg,http://169.53.132.62/gallery/index.php?/category/3/start-465
209788651.jpg,http://169.53.132.62/gallery/index.php?/category/3/start-465
209789566.jpg,http://169.53.132.62/gallery/index.php?/category/3/start-480
209791785.jpg,http://169.53.132.62/gallery/index.php?/category/3/start-480
209792389.jpg,http://169.53.132.62/gallery/index.php?/category/3/start-480
209793057.jpg,http://169.53.132.62/gallery/index.php?/category/3/start-480
2101030113.jpg,http://169.53.132.62/gallery/index.php?/category/3/start-480
2101031633.jpg,http://169.53.132.62/gallery/index.php?/category/3/start-480
2101309605.jpg,http://169.53.132.62/gallery/index.php?/category/3/start-480
2101310111.jpg,http://169.53.132.62/gallery/index.php?/category/3/start-480
2101560667.jpg,http://169.53.132.62/gallery/index.php?/category/3/start-480
2101560795.jpg,http://169.53.132.62/gallery/index.php?/category/3/start-480
2101560903.jpg,http://169.53.132.62/gallery/index.php?/category/3/start-480
2101561269.jpg,http://169.53.132.62/gallery/index.php?/category/3/start-480
2101561423.jpg,http://169.53.132.62/gallery/index.php?/category/3/start-480
2101561589.jpg,http://169.53.132.62/gallery/index.php?/category/3/start-480
2101561721.jpg,http://169.53.132.62/gallery/index.php?/category/3/start-480
2101562113.jpg,http://169.53.132.62/gallery/index.php?/category/3/start-495
2101562293.jpg,http://169.53.132.62/gallery/index.php?/category/3/start-495
2101811748.jpg,http://169.53.132.62/gallery/index.php?/category/3/start-495
2101812582.jpg,http://169.53.132.62/gallery/index.php?/category/3/start-495
2102091770.jpg,http://169.53.132.62/gallery/index.php?/category/3/start-495
2102093784.jpg,http://169.53.132.62/gallery/index.php?/category/3/start-495
2102339680.jpg,http://169.53.132.62/gallery/index.php?/category/3/start-495
2102340386.jpg,http://169.53.132.62/gallery/index.php?/category/3/start-495
2102340488.jpg,http://169.53.132.62/gallery/index.php?/category/3/start-495
2102341188.jpg,http://169.53.132.62/gallery/index.php?/category/3/start-495
2102341360.jpg,http://169.53.132.62/gallery/index.php?/category/3/start-495
21030919.jpg,http://169.53.132.62/gallery/index.php?/category/3/start-495
2103201671.jpg,http://169.53.132.62/gallery/index.php?/category/3/start-495
2103578817.jpg,http://169.53.132.62/gallery/index.php?/category/3/start-495
2103578983.jpg,http://169.53.132.62/gallery/index.php?/category/3/start-495
2103980296.jpg,http://169.53.132.62/gallery/index.php?/category/3/start-510
2103980404.jpg,http://169.53.132.62/gallery/index.php?/category/3/start-510
2103980652.jpg,http://169.53.132.62/gallery/index.php?/category/3/start-510
2103980748.jpg,http://169.53.132.62/gallery/index.php?/category/3/start-510
2104356756.jpg,http://169.53.132.62/gallery/index.php?/category/3/start-510
2105274203.jpg,http://169.53.132.62/gallery/index.php?/category/3/start-510
2105274575.jpg,http://169.53.132.62/gallery/index.php?/category/3/start-510
2106052116.jpg,http://169.53.132.62/gallery/index.php?/category/3/start-510
2106053446.jpg,http://169.53.132.62/gallery/index.php?/category/3/start-510
2106053760.jpg,http://169.53.132.62/gallery/index.php?/category/3/start-510
2106081213.jpg,http://169.53.132.62/gallery/index.php?/category/3/start-510
2106081349.jpg,http://169.53.132.62/gallery/index.php?/category/3/start-510
2106081487.jpg,http://169.53.132.62/gallery/index.php?/category/3/start-510
2106081797.jpg,http://169.53.132.62/gallery/index.php?/category/3/start-510
2106081977.jpg,http://169.53.132.62/gallery/index.php?/category/3/start-510
2106082241.jpg,http://169.53.132.62/gallery/index.php?/category/3/start-525
2106082355.jpg,http://169.53.132.62/gallery/index.php?/category/3/start-525
2106861632.jpg,http://169.53.132.62/gallery/index.php?/category/3/start-525
2106862282.jpg,http://169.53.132.62/gallery/index.php?/category/3/start-525
2106862396.jpg,http://169.53.132.62/gallery/index.php?/category/3/start-525
2106862840.jpg,http://169.53.132.62/gallery/index.php?/category/3/start-525
2108881633.jpg,http://169.53.132.62/gallery/index.php?/category/3/start-525
2108881711.jpg,http://169.53.132.62/gallery/index.php?/category/3/start-525
2108896489.jpg,http://169.53.132.62/gallery/index.php?/category/3/start-525
2109201395.jpg,http://169.53.132.62/gallery/index.php?/category/3/start-525
2109657836.jpg,http://169.53.132.62/gallery/index.php?/category/3/start-525
2109975920.jpg,http://169.53.132.62/gallery/index.php?/category/3/start-525
2109976666.jpg,http://169.53.132.62/gallery/index.php?/category/3/start-525
2110250957.jpg,http://169.53.132.62/gallery/index.php?/category/3/start-525
2110251255.jpg,http://169.53.132.62/gallery/index.php?/category/3/start-525
2110251471.jpg,http://169.53.132.62/gallery/index.php?/category/3/start-540
2110452941.jpg,http://169.53.132.62/gallery/index.php?/category/3/start-540
2110453823.jpg,http://169.53.132.62/gallery/index.php?/category/3/start-540
2110456113.jpg,http://169.53.132.62/gallery/index.php?/category/3/start-540
2110457141.jpg,http://169.53.132.62/gallery/index.php?/category/3/start-540
2110459743.jpg,http://169.53.132.62/gallery/index.php?/category/3/start-540
2110461517.jpg,http://169.53.132.62/gallery/index.php?/category/3/start-540
2110464271.jpg,http://169.53.132.62/gallery/index.php?/category/3/start-540
2110465469.jpg,http://169.53.132.62/gallery/index.php?/category/3/start-540
2110628193.jpg,http://169.53.132.62/gallery/index.php?/category/3/start-540
2110628381.jpg,http://169.53.132.62/gallery/index.php?/category/3/start-540
2110632009.jpg,http://169.53.132.62/gallery/index.php?/category/3/start-540
2111029424.jpg,http://169.53.132.62/gallery/index.php?/category/3/start-540
2111029506.jpg,http://169.53.132.62/gallery/index.php?/category/3/start-540
2111029694.jpg,http://169.53.132.62/gallery/index.php?/category/3/start-540
2111029886.jpg,http://169.53.132.62/gallery/index.php?/category/3/start-555
2111227492.jpg,http://169.53.132.62/gallery/index.php?/category/3/start-555
2111228614.jpg,http://169.53.132.62/gallery/index.php?/category/3/start-555
2111230336.jpg,http://169.53.132.62/gallery/index.php?/category/3/start-555
2111233444.jpg,http://169.53.132.62/gallery/index.php?/category/3/start-555
2111236760.jpg,http://169.53.132.62/gallery/index.php?/category/3/start-555
2111241920.jpg,http://169.53.132.62/gallery/index.php?/category/3/start-555
2111396908.jpg,http://169.53.132.62/gallery/index.php?/category/3/start-555
2111397092.jpg,http://169.53.132.62/gallery/index.php?/category/3/start-555
2111407024.jpg,http://169.53.132.62/gallery/index.php?/category/3/start-555
2111408216.jpg,http://169.53.132.62/gallery/index.php?/category/3/start-555
2111410952.jpg,http://169.53.132.62/gallery/index.php?/category/3/start-555
2112226529.jpg,http://169.53.132.62/gallery/index.php?/category/3/start-555
2112226795.jpg,http://169.53.132.62/gallery/index.php?/category/3/start-555
2112227397.jpg,http://169.53.132.62/gallery/index.php?/category/3/start-555
2112234473.jpg,http://169.53.132.62/gallery/index.php?/category/3/start-570
2112236643.jpg,http://169.53.132.62/gallery/index.php?/category/3/start-570
2112237777.jpg,http://169.53.132.62/gallery/index.php?/category/3/start-570
2113005308.jpg,http://169.53.132.62/gallery/index.php?/category/3/start-570
2113005854.jpg,http://169.53.132.62/gallery/index.php?/category/3/start-570
2113006328.jpg,http://169.53.132.62/gallery/index.php?/category/3/start-570
2113011996.jpg,http://169.53.132.62/gallery/index.php?/category/3/start-570
2113014732.jpg,http://169.53.132.62/gallery/index.php?/category/3/start-570
21141544.jpg,http://169.53.132.62/gallery/index.php?/category/3/start-570
211749949.jpg,http://169.53.132.62/gallery/index.php?/category/3/start-570
2119626831.jpg,http://169.53.132.62/gallery/index.php?/category/3/start-570
2119627251.jpg,http://169.53.132.62/gallery/index.php?/category/3/start-570
2119628291.jpg,http://169.53.132.62/gallery/index.php?/category/3/start-570
2120406406.jpg,http://169.53.132.62/gallery/index.php?/category/3/start-570
2120407514.jpg,http://169.53.132.62/gallery/index.php?/category/3/start-570
2120407954.jpg,http://169.53.132.62/gallery/index.php?/category/3/start-585
2120408478.jpg,http://169.53.132.62/gallery/index.php?/category/3/start-585
212106227.jpg,http://169.53.132.62/gallery/index.php?/category/3/start-585
212106251.jpg,http://169.53.132.62/gallery/index.php?/category/3/start-585
212106276.jpg,http://169.53.132.62/gallery/index.php?/category/3/start-585
212106297.jpg,http://169.53.132.62/gallery/index.php?/category/3/start-585
212106335.jpg,http://169.53.132.62/gallery/index.php?/category/3/start-585
212106347.jpg,http://169.53.132.62/gallery/index.php?/category/3/start-585
212106371.jpg,http://169.53.132.62/gallery/index.php?/category/3/start-585
212106397.jpg,http://169.53.132.62/gallery/index.php?/category/3/start-585
212106424.jpg,http://169.53.132.62/gallery/index.php?/category/3/start-585
212106466.jpg,http://169.53.132.62/gallery/index.php?/category/3/start-585
212106510.jpg,http://169.53.132.62/gallery/index.php?/category/3/start-585
212106549.jpg,http://169.53.132.62/gallery/index.php?/category/3/start-585
212106576.jpg,http://169.53.132.62/gallery/index.php?/category/3/start-585
212106603.jpg,http://169.53.132.62/gallery/index.php?/category/3/start-600
212106635.jpg,http://169.53.132.62/gallery/index.php?/category/3/start-600
212106656.jpg,http://169.53.132.62/gallery/index.php?/category/3/start-600
212106685.jpg,http://169.53.132.62/gallery/index.php?/category/3/start-600
212106716.jpg,http://169.53.132.62/gallery/index.php?/category/3/start-600
212106753.jpg,http://169.53.132.62/gallery/index.php?/category/3/start-600
212106773.jpg,http://169.53.132.62/gallery/index.php?/category/3/start-600
212106794.jpg,http://169.53.132.62/gallery/index.php?/category/3/start-600
212106821.jpg,http://169.53.132.62/gallery/index.php?/category/3/start-600
212106849.jpg,http://169.53.132.62/gallery/index.php?/category/3/start-600
212106877.jpg,http://169.53.132.62/gallery/index.php?/category/3/start-600
212106892.jpg,http://169.53.132.62/gallery/index.php?/category/3/start-600
212106923.jpg,http://169.53.132.62/gallery/index.php?/category/3/start-600
212106939.jpg,http://169.53.132.62/gallery/index.php?/category/3/start-600
212106957.jpg,http://169.53.132.62/gallery/index.php?/category/3/start-600
212106998.jpg,http://169.53.132.62/gallery/index.php?/category/3/start-615
212107018.jpg,http://169.53.132.62/gallery/index.php?/category/3/start-615
212107028.jpg,http://169.53.132.62/gallery/index.php?/category/3/start-615
212107048.jpg,http://169.53.132.62/gallery/index.php?/category/3/start-615
212107064.jpg,http://169.53.132.62/gallery/index.php?/category/3/start-615
212107083.jpg,http://169.53.132.62/gallery/index.php?/category/3/start-615
212107111.jpg,http://169.53.132.62/gallery/index.php?/category/3/start-615
212107123.jpg,http://169.53.132.62/gallery/index.php?/category/3/start-615
2123294187.jpg,http://169.53.132.62/gallery/index.php?/category/3/start-615
2123294587.jpg,http://169.53.132.62/gallery/index.php?/category/3/start-615
2123294803.jpg,http://169.53.132.62/gallery/index.php?/category/3/start-615
2123468493.jpg,http://169.53.132.62/gallery/index.php?/category/3/start-615
2123469299.jpg,http://169.53.132.62/gallery/index.php?/category/3/start-615
2123469471.jpg,http://169.53.132.62/gallery/index.php?/category/3/start-615
2123694755.jpg,http://169.53.132.62/gallery/index.php?/category/3/start-615
2124067630.jpg,http://169.53.132.62/gallery/index.php?/category/3/start-630
2124067846.jpg,http://169.53.132.62/gallery/index.php?/category/3/start-630
2124068276.jpg,http://169.53.132.62/gallery/index.php?/category/3/start-630
2124068830.jpg,http://169.53.132.62/gallery/index.php?/category/3/start-630
2124241764.jpg,http://169.53.132.62/gallery/index.php?/category/3/start-630
2124242354.jpg,http://169.53.132.62/gallery/index.php?/category/3/start-630
2124242644.jpg,http://169.53.132.62/gallery/index.php?/category/3/start-630
2124743687.jpg,http://169.53.132.62/gallery/index.php?/category/3/start-630
2125244199.jpg,http://169.53.132.62/gallery/index.php?/category/3/start-630
2125244495.jpg,http://169.53.132.62/gallery/index.php?/category/3/start-630
2125244813.jpg,http://169.53.132.62/gallery/index.php?/category/3/start-630
2125245969.jpg,http://169.53.132.62/gallery/index.php?/category/3/start-630
2125257585.jpg,http://169.53.132.62/gallery/index.php?/category/3/start-630
212530987.jpg,http://169.53.132.62/gallery/index.php?/category/3/start-630
2125518000.jpg,http://169.53.132.62/gallery/index.php?/category/3/start-630
2126020392.jpg,http://169.53.132.62/gallery/index.php?/category/3/start-645
2126021562.jpg,http://169.53.132.62/gallery/index.php?/category/3/start-645
2126021958.jpg,http://169.53.132.62/gallery/index.php?/category/3/start-645
2126033910.jpg,http://169.53.132.62/gallery/index.php?/category/3/start-645
212766427.jpg,http://169.53.132.62/gallery/index.php?/category/3/start-645
212766429.jpg,http://169.53.132.62/gallery/index.php?/category/3/start-645
2129437761.jpg,http://169.53.132.62/gallery/index.php?/category/3/start-645
2130450750.jpg,http://169.53.132.62/gallery/index.php?/category/3/start-645
2132398368.jpg,http://169.53.132.62/gallery/index.php?/category/3/start-645
2132398376.jpg,http://169.53.132.62/gallery/index.php?/category/3/start-645
2140123082.jpg,http://169.53.132.62/gallery/index.php?/category/3/start-645
2140156448.jpg,http://169.53.132.62/gallery/index.php?/category/3/start-645
2144116009.jpg,http://169.53.132.62/gallery/index.php?/category/3/start-645
2144117167.jpg,http://169.53.132.62/gallery/index.php?/category/3/start-645
2144128963.jpg,http://169.53.132.62/gallery/index.php?/category/3/start-645
2144131229.jpg,http://169.53.132.62/gallery/index.php?/category/3/start-660
2144147757.jpg,http://169.53.132.62/gallery/index.php?/category/3/start-660
2144213225.jpg,http://169.53.132.62/gallery/index.php?/category/3/start-660
2144245417.jpg,http://169.53.132.62/gallery/index.php?/category/3/start-660
2144251205.jpg,http://169.53.132.62/gallery/index.php?/category/3/start-660
2144255545.jpg,http://169.53.132.62/gallery/index.php?/category/3/start-660
2144423965.jpg,http://169.53.132.62/gallery/index.php?/category/3/start-660
2144962992.jpg,http://169.53.132.62/gallery/index.php?/category/3/start-660
2145008702.jpg,http://169.53.132.62/gallery/index.php?/category/3/start-660
2145023108.jpg,http://169.53.132.62/gallery/index.php?/category/3/start-660
2145062176.jpg,http://169.53.132.62/gallery/index.php?/category/3/start-660
2145065148.jpg,http://169.53.132.62/gallery/index.php?/category/3/start-660
2145080248.jpg,http://169.53.132.62/gallery/index.php?/category/3/start-660
2145168062.jpg,http://169.53.132.62/gallery/index.php?/category/3/start-660
2145231500.jpg,http://169.53.132.62/gallery/index.php?/category/3/start-660
2146727437.jpg,http://169.53.132.62/gallery/index.php?/category/3/start-675
2146727567.jpg,http://169.53.132.62/gallery/index.php?/category/3/start-675
2146727737.jpg,http://169.53.132.62/gallery/index.php?/category/3/start-675
2146727935.jpg,http://169.53.132.62/gallery/index.php?/category/3/start-675
2146728553.jpg,http://169.53.132.62/gallery/index.php?/category/3/start-675
2146728841.jpg,http://169.53.132.62/gallery/index.php?/category/3/start-675
2146729125.jpg,http://169.53.132.62/gallery/index.php?/category/3/start-675
2146729249.jpg,http://169.53.132.62/gallery/index.php?/category/3/start-675
2146729357.jpg,http://169.53.132.62/gallery/index.php?/category/3/start-675
2146729773.jpg,http://169.53.132.62/gallery/index.php?/category/3/start-675
2146729895.jpg,http://169.53.132.62/gallery/index.php?/category/3/start-675
2146730019.jpg,http://169.53.132.62/gallery/index.php?/category/3/start-675
2146730289.jpg,http://169.53.132.62/gallery/index.php?/category/3/start-675
2146730567.jpg,http://169.53.132.62/gallery/index.php?/category/3/start-675
2146731321.jpg,http://169.53.132.62/gallery/index.php?/category/3/start-675
2146731443.jpg,http://169.53.132.62/gallery/index.php?/category/3/start-690
2146731605.jpg,http://169.53.132.62/gallery/index.php?/category/3/start-690
2146732455.jpg,http://169.53.132.62/gallery/index.php?/category/3/start-690
2146732821.jpg,http://169.53.132.62/gallery/index.php?/category/3/start-690
2146733007.jpg,http://169.53.132.62/gallery/index.php?/category/3/start-690
2146733917.jpg,http://169.53.132.62/gallery/index.php?/category/3/start-690
2146734289.jpg,http://169.53.132.62/gallery/index.php?/category/3/start-690
2146734517.jpg,http://169.53.132.62/gallery/index.php?/category/3/start-690
2146734719.jpg,http://169.53.132.62/gallery/index.php?/category/3/start-690
2146735103.jpg,http://169.53.132.62/gallery/index.php?/category/3/start-690
2146735627.jpg,http://169.53.132.62/gallery/index.php?/category/3/start-690
2146735771.jpg,http://169.53.132.62/gallery/index.php?/category/3/start-690
2146735921.jpg,http://169.53.132.62/gallery/index.php?/category/3/start-690
2146736097.jpg,http://169.53.132.62/gallery/index.php?/category/3/start-690
2146736847.jpg,http://169.53.132.62/gallery/index.php?/category/3/start-690
2146737123.jpg,http://169.53.132.62/gallery/index.php?/category/3/start-705
2146737507.jpg,http://169.53.132.62/gallery/index.php?/category/3/start-705
2146737667.jpg,http://169.53.132.62/gallery/index.php?/category/3/start-705
2147522054.jpg,http://169.53.132.62/gallery/index.php?/category/3/start-705
2147522344.jpg,http://169.53.132.62/gallery/index.php?/category/3/start-705
2147522528.jpg,http://169.53.132.62/gallery/index.php?/category/3/start-705
2147522664.jpg,http://169.53.132.62/gallery/index.php?/category/3/start-705
2147522980.jpg,http://169.53.132.62/gallery/index.php?/category/3/start-705
2147523294.jpg,http://169.53.132.62/gallery/index.php?/category/3/start-705
2147523966.jpg,http://169.53.132.62/gallery/index.php?/category/3/start-705
2147524570.jpg,http://169.53.132.62/gallery/index.php?/category/3/start-705
2147524816.jpg,http://169.53.132.62/gallery/index.php?/category/3/start-705
2147525144.jpg,http://169.53.132.62/gallery/index.php?/category/3/start-705
2147525284.jpg,http://169.53.132.62/gallery/index.php?/category/3/start-705
2147525360.jpg,http://169.53.132.62/gallery/index.php?/category/3/start-705
2147525502.jpg,http://169.53.132.62/gallery/index.php?/category/3/start-720
2147526088.jpg,http://169.53.132.62/gallery/index.php?/category/3/start-720
2147526312.jpg,http://169.53.132.62/gallery/index.php?/category/3/start-720
2147526456.jpg,http://169.53.132.62/gallery/index.php?/category/3/start-720
2147526562.jpg,http://169.53.132.62/gallery/index.php?/category/3/start-720
2147527612.jpg,http://169.53.132.62/gallery/index.php?/category/3/start-720
2147527876.jpg,http://169.53.132.62/gallery/index.php?/category/3/start-720
2147528044.jpg,http://169.53.132.62/gallery/index.php?/category/3/start-720
2147528424.jpg,http://169.53.132.62/gallery/index.php?/category/3/start-720
2147529150.jpg,http://169.53.132.62/gallery/index.php?/category/3/start-720
2147529566.jpg,http://169.53.132.62/gallery/index.php?/category/3/start-720
2147529766.jpg,http://169.53.132.62/gallery/index.php?/category/3/start-720
2147530704.jpg,http://169.53.132.62/gallery/index.php?/category/3/start-720
2147530824.jpg,http://169.53.132.62/gallery/index.php?/category/3/start-720
2147530952.jpg,http://169.53.132.62/gallery/index.php?/category/3/start-720
2147531106.jpg,http://169.53.132.62/gallery/index.php?/category/3/start-735
2147531632.jpg,http://169.53.132.62/gallery/index.php?/category/3/start-735
21478044.jpg,http://169.53.132.62/gallery/index.php?/category/3/start-735
2148919065.jpg,http://169.53.132.62/gallery/index.php?/category/3/start-735
2149394379.jpg,http://169.53.132.62/gallery/index.php?/category/3/start-735
2149712848.jpg,http://169.53.132.62/gallery/index.php?/category/3/start-735
2149713586.jpg,http://169.53.132.62/gallery/index.php?/category/3/start-735
2150252976.jpg,http://169.53.132.62/gallery/index.php?/category/3/start-735
2150360900.jpg,http://169.53.132.62/gallery/index.php?/category/3/start-735
2153022871.jpg,http://169.53.132.62/gallery/index.php?/category/3/start-735
215491942.jpg,http://169.53.132.62/gallery/index.php?/category/3/start-735
2156771451.jpg,http://169.53.132.62/gallery/index.php?/category/3/start-735
2156771927.jpg,http://169.53.132.62/gallery/index.php?/category/3/start-735
2156772419.jpg,http://169.53.132.62/gallery/index.php?/category/3/start-735
2156772637.jpg,http://169.53.132.62/gallery/index.php?/category/3/start-735
2156773601.jpg,http://169.53.132.62/gallery/index.php?/category/3/start-750
2156774229.jpg,http://169.53.132.62/gallery/index.php?/category/3/start-750
2156774413.jpg,http://169.53.132.62/gallery/index.php?/category/3/start-750
2156774623.jpg,http://169.53.132.62/gallery/index.php?/category/3/start-750
2156774793.jpg,http://169.53.132.62/gallery/index.php?/category/3/start-750
2156775045.jpg,http://169.53.132.62/gallery/index.php?/category/3/start-750
2156775285.jpg,http://169.53.132.62/gallery/index.php?/category/3/start-750
2156776177.jpg,http://169.53.132.62/gallery/index.php?/category/3/start-750
2156777589.jpg,http://169.53.132.62/gallery/index.php?/category/3/start-750
2156777759.jpg,http://169.53.132.62/gallery/index.php?/category/3/start-750
2156777977.jpg,http://169.53.132.62/gallery/index.php?/category/3/start-750
2156778175.jpg,http://169.53.132.62/gallery/index.php?/category/3/start-750
2156778505.jpg,http://169.53.132.62/gallery/index.php?/category/3/start-750
2156778915.jpg,http://169.53.132.62/gallery/index.php?/category/3/start-750
2156779099.jpg,http://169.53.132.62/gallery/index.php?/category/3/start-750
2156779349.jpg,http://169.53.132.62/gallery/index.php?/category/3/start-765
2156923437.jpg,http://169.53.132.62/gallery/index.php?/category/3/start-765
2156923637.jpg,http://169.53.132.62/gallery/index.php?/category/3/start-765
2156923893.jpg,http://169.53.132.62/gallery/index.php?/category/3/start-765
2156924017.jpg,http://169.53.132.62/gallery/index.php?/category/3/start-765
2156924227.jpg,http://169.53.132.62/gallery/index.php?/category/3/start-765
2156924549.jpg,http://169.53.132.62/gallery/index.php?/category/3/start-765
2156924697.jpg,http://169.53.132.62/gallery/index.php?/category/3/start-765
2156924973.jpg,http://169.53.132.62/gallery/index.php?/category/3/start-765
2156925443.jpg,http://169.53.132.62/gallery/index.php?/category/3/start-765
2156925454.jpg,http://169.53.132.62/gallery/index.php?/category/3/start-765
2156925559.jpg,http://169.53.132.62/gallery/index.php?/category/3/start-765
2156925949.jpg,http://169.53.132.62/gallery/index.php?/category/3/start-765
2156926071.jpg,http://169.53.132.62/gallery/index.php?/category/3/start-765
2156926429.jpg,http://169.53.132.62/gallery/index.php?/category/3/start-765
2156926913.jpg,http://169.53.132.62/gallery/index.php?/category/3/start-780
2156927249.jpg,http://169.53.132.62/gallery/index.php?/category/3/start-780
2156928041.jpg,http://169.53.132.62/gallery/index.php?/category/3/start-780
2156928495.jpg,http://169.53.132.62/gallery/index.php?/category/3/start-780
2156929223.jpg,http://169.53.132.62/gallery/index.php?/category/3/start-780
2156929359.jpg,http://169.53.132.62/gallery/index.php?/category/3/start-780
2156929737.jpg,http://169.53.132.62/gallery/index.php?/category/3/start-780
2156930045.jpg,http://169.53.132.62/gallery/index.php?/category/3/start-780
2156930183.jpg,http://169.53.132.62/gallery/index.php?/category/3/start-780
2156930417.jpg,http://169.53.132.62/gallery/index.php?/category/3/start-780
2156930537.jpg,http://169.53.132.62/gallery/index.php?/category/3/start-780
2156931131.jpg,http://169.53.132.62/gallery/index.php?/category/3/start-780
2156931313.jpg,http://169.53.132.62/gallery/index.php?/category/3/start-780
2156931691.jpg,http://169.53.132.62/gallery/index.php?/category/3/start-780
2156932007.jpg,http://169.53.132.62/gallery/index.php?/category/3/start-780
2156932229.jpg,http://169.53.132.62/gallery/index.php?/category/3/start-795
2156932545.jpg,http://169.53.132.62/gallery/index.php?/category/3/start-795
2156932681.jpg,http://169.53.132.62/gallery/index.php?/category/3/start-795
2156933033.jpg,http://169.53.132.62/gallery/index.php?/category/3/start-795
2156933591.jpg,http://169.53.132.62/gallery/index.php?/category/3/start-795
2156933717.jpg,http://169.53.132.62/gallery/index.php?/category/3/start-795
2156933813.jpg,http://169.53.132.62/gallery/index.php?/category/3/start-795
2156933925.jpg,http://169.53.132.62/gallery/index.php?/category/3/start-795
2156934271.jpg,http://169.53.132.62/gallery/index.php?/category/3/start-795
2156934427.jpg,http://169.53.132.62/gallery/index.php?/category/3/start-795
2156934529.jpg,http://169.53.132.62/gallery/index.php?/category/3/start-795
2156934819.jpg,http://169.53.132.62/gallery/index.php?/category/3/start-795
2156934935.jpg,http://169.53.132.62/gallery/index.php?/category/3/start-795
2156935413.jpg,http://169.53.132.62/gallery/index.php?/category/3/start-795
2156935609.jpg,http://169.53.132.62/gallery/index.php?/category/3/start-795
2156935743.jpg,http://169.53.132.62/gallery/index.php?/category/3/start-810
2156947823.jpg,http://169.53.132.62/gallery/index.php?/category/3/start-810
2156947997.jpg,http://169.53.132.62/gallery/index.php?/category/3/start-810
2156948171.jpg,http://169.53.132.62/gallery/index.php?/category/3/start-810
2156948879.jpg,http://169.53.132.62/gallery/index.php?/category/3/start-810
2156949083.jpg,http://169.53.132.62/gallery/index.php?/category/3/start-810
2156949269.jpg,http://169.53.132.62/gallery/index.php?/category/3/start-810
2156949481.jpg,http://169.53.132.62/gallery/index.php?/category/3/start-810
2156949637.jpg,http://169.53.132.62/gallery/index.php?/category/3/start-810
2156950091.jpg,http://169.53.132.62/gallery/index.php?/category/3/start-810
2156950585.jpg,http://169.53.132.62/gallery/index.php?/category/3/start-810
2156950763.jpg,http://169.53.132.62/gallery/index.php?/category/3/start-810
2156951023.jpg,http://169.53.132.62/gallery/index.php?/category/3/start-810
2156951375.jpg,http://169.53.132.62/gallery/index.php?/category/3/start-810
2156951855.jpg,http://169.53.132.62/gallery/index.php?/category/3/start-810
2156952127.jpg,http://169.53.132.62/gallery/index.php?/category/3/start-825
2157566018.jpg,http://169.53.132.62/gallery/index.php?/category/3/start-825
2157566422.jpg,http://169.53.132.62/gallery/index.php?/category/3/start-825
2157566918.jpg,http://169.53.132.62/gallery/index.php?/category/3/start-825
2157567602.jpg,http://169.53.132.62/gallery/index.php?/category/3/start-825
2157567836.jpg,http://169.53.132.62/gallery/index.php?/category/3/start-825
2157568086.jpg,http://169.53.132.62/gallery/index.php?/category/3/start-825
2157568606.jpg,http://169.53.132.62/gallery/index.php?/category/3/start-825
2157569858.jpg,http://169.53.132.62/gallery/index.php?/category/3/start-825
2157570034.jpg,http://169.53.132.62/gallery/index.php?/category/3/start-825
2157570164.jpg,http://169.53.132.62/gallery/index.php?/category/3/start-825
2157570348.jpg,http://169.53.132.62/gallery/index.php?/category/3/start-825
2157570560.jpg,http://169.53.132.62/gallery/index.php?/category/3/start-825
2157571016.jpg,http://169.53.132.62/gallery/index.php?/category/3/start-825
2157571224.jpg,http://169.53.132.62/gallery/index.php?/category/3/start-825
2157571432.jpg,http://169.53.132.62/gallery/index.php?/category/3/start-840
2157571574.jpg,http://169.53.132.62/gallery/index.php?/category/3/start-840
2157571788.jpg,http://169.53.132.62/gallery/index.php?/category/3/start-840
2157572056.jpg,http://169.53.132.62/gallery/index.php?/category/3/start-840
2157573024.jpg,http://169.53.132.62/gallery/index.php?/category/3/start-840
2157573370.jpg,http://169.53.132.62/gallery/index.php?/category/3/start-840
2157718546.jpg,http://169.53.132.62/gallery/index.php?/category/3/start-840
2157718666.jpg,http://169.53.132.62/gallery/index.php?/category/3/start-840
2157719018.jpg,http://169.53.132.62/gallery/index.php?/category/3/start-840
2157719416.jpg,http://169.53.132.62/gallery/index.php?/category/3/start-840
2157719634.jpg,http://169.53.132.62/gallery/index.php?/category/3/start-840
2157719760.jpg,http://169.53.132.62/gallery/index.php?/category/3/start-840
2157720212.jpg,http://169.53.132.62/gallery/index.php?/category/3/start-840
2157720512.jpg,http://169.53.132.62/gallery/index.php?/category/3/start-840
2157720718.jpg,http://169.53.132.62/gallery/index.php?/category/3/start-840
2157721108.jpg,http://169.53.132.62/gallery/index.php?/category/3/start-855
2157721268.jpg,http://169.53.132.62/gallery/index.php?/category/3/start-855
2157721724.jpg,http://169.53.132.62/gallery/index.php?/category/3/start-855
2157721998.jpg,http://169.53.132.62/gallery/index.php?/category/3/start-855
2157722094.jpg,http://169.53.132.62/gallery/index.php?/category/3/start-855
2157722426.jpg,http://169.53.132.62/gallery/index.php?/category/3/start-855
2157722708.jpg,http://169.53.132.62/gallery/index.php?/category/3/start-855
2157722828.jpg,http://169.53.132.62/gallery/index.php?/category/3/start-855
2157723038.jpg,http://169.53.132.62/gallery/index.php?/category/3/start-855
2157723234.jpg,http://169.53.132.62/gallery/index.php?/category/3/start-855
2157723588.jpg,http://169.53.132.62/gallery/index.php?/category/3/start-855
2157724018.jpg,http://169.53.132.62/gallery/index.php?/category/3/start-855
2157724172.jpg,http://169.53.132.62/gallery/index.php?/category/3/start-855
2157724366.jpg,http://169.53.132.62/gallery/index.php?/category/3/start-855
2157724778.jpg,http://169.53.132.62/gallery/index.php?/category/3/start-855
2157724934.jpg,http://169.53.132.62/gallery/index.php?/category/3/start-870
2157725256.jpg,http://169.53.132.62/gallery/index.php?/category/3/start-870
2157725616.jpg,http://169.53.132.62/gallery/index.php?/category/3/start-870
2157725990.jpg,http://169.53.132.62/gallery/index.php?/category/3/start-870
2157726158.jpg,http://169.53.132.62/gallery/index.php?/category/3/start-870
2157726272.jpg,http://169.53.132.62/gallery/index.php?/category/3/start-870
2157726400.jpg,http://169.53.132.62/gallery/index.php?/category/3/start-870
2157726892.jpg,http://169.53.132.62/gallery/index.php?/category/3/start-870
2157727256.jpg,http://169.53.132.62/gallery/index.php?/category/3/start-870
2157727758.jpg,http://169.53.132.62/gallery/index.php?/category/3/start-870
2157728218.jpg,http://169.53.132.62/gallery/index.php?/category/3/start-870
2157728378.jpg,http://169.53.132.62/gallery/index.php?/category/3/start-870
2157728646.jpg,http://169.53.132.62/gallery/index.php?/category/3/start-870
2157728768.jpg,http://169.53.132.62/gallery/index.php?/category/3/start-870
2157728954.jpg,http://169.53.132.62/gallery/index.php?/category/3/start-870
2157729614.jpg,http://169.53.132.62/gallery/index.php?/category/3/start-885
2157730232.jpg,http://169.53.132.62/gallery/index.php?/category/3/start-885
2157730622.jpg,http://169.53.132.62/gallery/index.php?/category/3/start-885
2157730718.jpg,http://169.53.132.62/gallery/index.php?/category/3/start-885
2157730796.jpg,http://169.53.132.62/gallery/index.php?/category/3/start-885
2157731456.jpg,http://169.53.132.62/gallery/index.php?/category/3/start-885
2157743814.jpg,http://169.53.132.62/gallery/index.php?/category/3/start-885
2157744044.jpg,http://169.53.132.62/gallery/index.php?/category/3/start-885
2157744162.jpg,http://169.53.132.62/gallery/index.php?/category/3/start-885
2157745342.jpg,http://169.53.132.62/gallery/index.php?/category/3/start-885
2157745734.jpg,http://169.53.132.62/gallery/index.php?/category/3/start-885
2157745912.jpg,http://169.53.132.62/gallery/index.php?/category/3/start-885
2157746588.jpg,http://169.53.132.62/gallery/index.php?/category/3/start-885
2157746996.jpg,http://169.53.132.62/gallery/index.php?/category/3/start-885
2157747142.jpg,http://169.53.132.62/gallery/index.php?/category/3/start-885
2159048661.jpg,http://169.53.132.62/gallery/index.php?/category/3/start-900
2159049193.jpg,http://169.53.132.62/gallery/index.php?/category/3/start-900
2159848324.jpg,http://169.53.132.62/gallery/index.php?/category/3/start-900
2159858306.jpg,http://169.53.132.62/gallery/index.php?/category/3/start-900
216387585.jpg,http://169.53.132.62/gallery/index.php?/category/3/start-900
216387707.jpg,http://169.53.132.62/gallery/index.php?/category/3/start-900
216387819.jpg,http://169.53.132.62/gallery/index.php?/category/3/start-900
216387941.jpg,http://169.53.132.62/gallery/index.php?/category/3/start-900
216388056.jpg,http://169.53.132.62/gallery/index.php?/category/3/start-900
216388540.jpg,http://169.53.132.62/gallery/index.php?/category/3/start-900
216388611.jpg,http://169.53.132.62/gallery/index.php?/category/3/start-900
216388712.jpg,http://169.53.132.62/gallery/index.php?/category/3/start-900
216388787.jpg,http://169.53.132.62/gallery/index.php?/category/3/start-900
216388874.jpg,http://169.53.132.62/gallery/index.php?/category/3/start-900
216388965.jpg,http://169.53.132.62/gallery/index.php?/category/3/start-900
216389095.jpg,http://169.53.132.62/gallery/index.php?/category/3/start-915
216389177.jpg,http://169.53.132.62/gallery/index.php?/category/3/start-915
216389253.jpg,http://169.53.132.62/gallery/index.php?/category/3/start-915
216389342.jpg,http://169.53.132.62/gallery/index.php?/category/3/start-915
216389426.jpg,http://169.53.132.62/gallery/index.php?/category/3/start-915
2164777493.jpg,http://169.53.132.62/gallery/index.php?/category/3/start-915
2165262123.jpg,http://169.53.132.62/gallery/index.php?/category/3/start-915
2165438577.jpg,http://169.53.132.62/gallery/index.php?/category/3/start-915
2165446263.jpg,http://169.53.132.62/gallery/index.php?/category/3/start-915
2165470147.jpg,http://169.53.132.62/gallery/index.php?/category/3/start-915
2165491469.jpg,http://169.53.132.62/gallery/index.php?/category/3/start-915
2165514311.jpg,http://169.53.132.62/gallery/index.php?/category/3/start-915
2165517571.jpg,http://169.53.132.62/gallery/index.php?/category/3/start-915
2165602733.jpg,http://169.53.132.62/gallery/index.php?/category/3/start-915
2165635973.jpg,http://169.53.132.62/gallery/index.php?/category/3/start-915
2165643737.jpg,http://169.53.132.62/gallery/index.php?/category/3/start-930
2165810241.jpg,http://169.53.132.62/gallery/index.php?/category/3/start-930
2165843165.jpg,http://169.53.132.62/gallery/index.php?/category/3/start-930
2166262564.jpg,http://169.53.132.62/gallery/index.php?/category/3/start-930
2166355724.jpg,http://169.53.132.62/gallery/index.php?/category/3/start-930
2166394498.jpg,http://169.53.132.62/gallery/index.php?/category/3/start-930
2166459866.jpg,http://169.53.132.62/gallery/index.php?/category/3/start-930
2166465014.jpg,http://169.53.132.62/gallery/index.php?/category/3/start-930
2166543744.jpg,http://169.53.132.62/gallery/index.php?/category/3/start-930
2166546506.jpg,http://169.53.132.62/gallery/index.php?/category/3/start-930
2166584892.jpg,http://169.53.132.62/gallery/index.php?/category/3/start-930
2166602594.jpg,http://169.53.132.62/gallery/index.php?/category/3/start-930
2166633800.jpg,http://169.53.132.62/gallery/index.php?/category/3/start-930
2166781985.jpg,http://169.53.132.62/gallery/index.php?/category/3/start-930
2166811415.jpg,http://169.53.132.62/gallery/index.php?/category/3/start-930
216686946.jpg,http://169.53.132.62/gallery/index.php?/category/3/start-945
2169741333.jpg,http://169.53.132.62/gallery/index.php?/category/3/start-945
2169897247.jpg,http://169.53.132.62/gallery/index.php?/category/3/start-945
2171747437.jpg,http://169.53.132.62/gallery/index.php?/category/3/start-945
2173428405.jpg,http://169.53.132.62/gallery/index.php?/category/3/start-945
217423500.jpg,http://169.53.132.62/gallery/index.php?/category/3/start-945
217424910.jpg,http://169.53.132.62/gallery/index.php?/category/3/start-945
217425696.jpg,http://169.53.132.62/gallery/index.php?/category/3/start-945
217426240.jpg,http://169.53.132.62/gallery/index.php?/category/3/start-945
217426655.jpg,http://169.53.132.62/gallery/index.php?/category/3/start-945
2175610997.jpg,http://169.53.132.62/gallery/index.php?/category/3/start-945
2175611325.jpg,http://169.53.132.62/gallery/index.php?/category/3/start-945
2176382782.jpg,http://169.53.132.62/gallery/index.php?/category/3/start-945
2176386964.jpg,http://169.53.132.62/gallery/index.php?/category/3/start-945
2176403990.jpg,http://169.53.132.62/gallery/index.php?/category/3/start-945
2177069284.jpg,http://169.53.132.62/gallery/index.php?/category/3/start-960
21798885.jpg,http://169.53.132.62/gallery/index.php?/category/3/start-960
21799112.jpg,http://169.53.132.62/gallery/index.php?/category/3/start-960
21810902.jpg,http://169.53.132.62/gallery/index.php?/category/3/start-960
21811047.jpg,http://169.53.132.62/gallery/index.php?/category/3/start-960
21811157.jpg,http://169.53.132.62/gallery/index.php?/category/3/start-960
218127713.jpg,http://169.53.132.62/gallery/index.php?/category/3/start-960
2181541437.jpg,http://169.53.132.62/gallery/index.php?/category/3/start-960
2181547155.jpg,http://169.53.132.62/gallery/index.php?/category/3/start-960
2181549761.jpg,http://169.53.132.62/gallery/index.php?/category/3/start-960
2181552031.jpg,http://169.53.132.62/gallery/index.php?/category/3/start-960
2181556989.jpg,http://169.53.132.62/gallery/index.php?/category/3/start-960
21815642.jpg,http://169.53.132.62/gallery/index.php?/category/3/start-960
21815680.jpg,http://169.53.132.62/gallery/index.php?/category/3/start-960
218164634.jpg,http://169.53.132.62/gallery/index.php?/category/3/start-960
218167081.jpg,http://169.53.132.62/gallery/index.php?/category/3/start-975
218167113.jpg,http://169.53.132.62/gallery/index.php?/category/3/start-975
218167146.jpg,http://169.53.132.62/gallery/index.php?/category/3/start-975
218167168.jpg,http://169.53.132.62/gallery/index.php?/category/3/start-975
218167191.jpg,http://169.53.132.62/gallery/index.php?/category/3/start-975
2182332384.jpg,http://169.53.132.62/gallery/index.php?/category/3/start-975
2182342098.jpg,http://169.53.132.62/gallery/index.php?/category/3/start-975
2182347694.jpg,http://169.53.132.62/gallery/index.php?/category/3/start-975
2183727953.jpg,http://169.53.132.62/gallery/index.php?/category/3/start-975
2183729287.jpg,http://169.53.132.62/gallery/index.php?/category/3/start-975
2183784475.jpg,http://169.53.132.62/gallery/index.php?/category/3/start-975
2183786701.jpg,http://169.53.132.62/gallery/index.php?/category/3/start-975
2183793473.jpg,http://169.53.132.62/gallery/index.php?/category/3/start-975
2183794959.jpg,http://169.53.132.62/gallery/index.php?/category/3/start-975
2183796331.jpg,http://169.53.132.62/gallery/index.php?/category/3/start-975
2183796983.jpg,http://169.53.132.62/gallery/index.php?/category/3/start-990
2183930029.jpg,http://169.53.132.62/gallery/index.php?/category/3/start-990
2183935745.jpg,http://169.53.132.62/gallery/index.php?/category/3/start-990
2183939245.jpg,http://169.53.132.62/gallery/index.php?/category/3/start-990
2184513768.jpg,http://169.53.132.62/gallery/index.php?/category/3/start-990
2184517818.jpg,http://169.53.132.62/gallery/index.php?/category/3/start-990
2184519196.jpg,http://169.53.132.62/gallery/index.php?/category/3/start-990
2184521146.jpg,http://169.53.132.62/gallery/index.php?/category/3/start-990
2184522610.jpg,http://169.53.132.62/gallery/index.php?/category/3/start-990
2184576810.jpg,http://169.53.132.62/gallery/index.php?/category/3/start-990
2184579592.jpg,http://169.53.132.62/gallery/index.php?/category/3/start-990
2184584914.jpg,http://169.53.132.62/gallery/index.php?/category/3/start-990
2184585416.jpg,http://169.53.132.62/gallery/index.php?/category/3/start-990
2184585894.jpg,http://169.53.132.62/gallery/index.php?/category/3/start-990
2184715010.jpg,http://169.53.132.62/gallery/index.php?/category/3/start-990
2184716114.jpg,http://169.53.132.62/gallery/index.php?/category/3/start-1005
2184717494.jpg,http://169.53.132.62/gallery/index.php?/category/3/start-1005
2184718468.jpg,http://169.53.132.62/gallery/index.php?/category/3/start-1005
2184719802.jpg,http://169.53.132.62/gallery/index.php?/category/3/start-1005
2184721376.jpg,http://169.53.132.62/gallery/index.php?/category/3/start-1005
2184723936.jpg,http://169.53.132.62/gallery/index.php?/category/3/start-1005
2184725412.jpg,http://169.53.132.62/gallery/index.php?/category/3/start-1005
2187356041.jpg,http://169.53.132.62/gallery/index.php?/category/3/start-1005
2187460803.jpg,http://169.53.132.62/gallery/index.php?/category/3/start-1005
2187468607.jpg,http://169.53.132.62/gallery/index.php?/category/3/start-1005
2187508865.jpg,http://169.53.132.62/gallery/index.php?/category/3/start-1005
2187514865.jpg,http://169.53.132.62/gallery/index.php?/category/3/start-1005
2187516169.jpg,http://169.53.132.62/gallery/index.php?/category/3/start-1005
2187519199.jpg,http://169.53.132.62/gallery/index.php?/category/3/start-1005
2187521667.jpg,http://169.53.132.62/gallery/index.php?/category/3/start-1005
2187524795.jpg,http://169.53.132.62/gallery/index.php?/category/3/start-1020
2187530009.jpg,http://169.53.132.62/gallery/index.php?/category/3/start-1020
2187532467.jpg,http://169.53.132.62/gallery/index.php?/category/3/start-1020
2187568175.jpg,http://169.53.132.62/gallery/index.php?/category/3/start-1020
2188146364.jpg,http://169.53.132.62/gallery/index.php?/category/3/start-1020
2188242366.jpg,http://169.53.132.62/gallery/index.php?/category/3/start-1020
2188243932.jpg,http://169.53.132.62/gallery/index.php?/category/3/start-1020
2188245910.jpg,http://169.53.132.62/gallery/index.php?/category/3/start-1020
2188246776.jpg,http://169.53.132.62/gallery/index.php?/category/3/start-1020
2188250770.jpg,http://169.53.132.62/gallery/index.php?/category/3/start-1020
2188252464.jpg,http://169.53.132.62/gallery/index.php?/category/3/start-1020
2188253166.jpg,http://169.53.132.62/gallery/index.php?/category/3/start-1020
2188254788.jpg,http://169.53.132.62/gallery/index.php?/category/3/start-1020
2188258906.jpg,http://169.53.132.62/gallery/index.php?/category/3/start-1020
2188260774.jpg,http://169.53.132.62/gallery/index.php?/category/3/start-1020
2188262710.jpg,http://169.53.132.62/gallery/index.php?/category/3/start-1035
2188264452.jpg,http://169.53.132.62/gallery/index.php?/category/3/start-1035
2188292258.jpg,http://169.53.132.62/gallery/index.php?/category/3/start-1035
2188293354.jpg,http://169.53.132.62/gallery/index.php?/category/3/start-1035
2188294254.jpg,http://169.53.132.62/gallery/index.php?/category/3/start-1035
2188297922.jpg,http://169.53.132.62/gallery/index.php?/category/3/start-1035
2188299942.jpg,http://169.53.132.62/gallery/index.php?/category/3/start-1035
2188301322.jpg,http://169.53.132.62/gallery/index.php?/category/3/start-1035
2188305424.jpg,http://169.53.132.62/gallery/index.php?/category/3/start-1035
2188308006.jpg,http://169.53.132.62/gallery/index.php?/category/3/start-1035
2188310836.jpg,http://169.53.132.62/gallery/index.php?/category/3/start-1035
2188313756.jpg,http://169.53.132.62/gallery/index.php?/category/3/start-1035
2188315224.jpg,http://169.53.132.62/gallery/index.php?/category/3/start-1035
2188316154.jpg,http://169.53.132.62/gallery/index.php?/category/3/start-1035
2188318716.jpg,http://169.53.132.62/gallery/index.php?/category/3/start-1035
2188352638.jpg,http://169.53.132.62/gallery/index.php?/category/3/start-1050
2188353580.jpg,http://169.53.132.62/gallery/index.php?/category/3/start-1050
2188354492.jpg,http://169.53.132.62/gallery/index.php?/category/3/start-1050
2188357098.jpg,http://169.53.132.62/gallery/index.php?/category/3/start-1050
2189374541.jpg,http://169.53.132.62/gallery/index.php?/category/3/start-1050
2189375311.jpg,http://169.53.132.62/gallery/index.php?/category/3/start-1050
2189376029.jpg,http://169.53.132.62/gallery/index.php?/category/3/start-1050
2189376485.jpg,http://169.53.132.62/gallery/index.php?/category/3/start-1050
2189377299.jpg,http://169.53.132.62/gallery/index.php?/category/3/start-1050
2190162492.jpg,http://169.53.132.62/gallery/index.php?/category/3/start-1050
2190164258.jpg,http://169.53.132.62/gallery/index.php?/category/3/start-1050
2190165136.jpg,http://169.53.132.62/gallery/index.php?/category/3/start-1050
2193384007.jpg,http://169.53.132.62/gallery/index.php?/category/3/start-1050
2196511451.jpg,http://169.53.132.62/gallery/index.php?/category/3/start-1050
21990096.jpg,http://169.53.132.62/gallery/index.php?/category/3/start-1050
21990165.jpg,http://169.53.132.62/gallery/index.php?/category/3/start-1065
21997501.jpg,http://169.53.132.62/gallery/index.php?/category/3/start-1065
21997502.jpg,http://169.53.132.62/gallery/index.php?/category/3/start-1065
2201375112.jpg,http://169.53.132.62/gallery/index.php?/category/3/start-1065
2201375450.jpg,http://169.53.132.62/gallery/index.php?/category/3/start-1065
2201377202.jpg,http://169.53.132.62/gallery/index.php?/category/3/start-1065
2204358633.jpg,http://169.53.132.62/gallery/index.php?/category/3/start-1065
2204359575.jpg,http://169.53.132.62/gallery/index.php?/category/3/start-1065
2204360899.jpg,http://169.53.132.62/gallery/index.php?/category/3/start-1065
2204363073.jpg,http://169.53.132.62/gallery/index.php?/category/3/start-1065
2204365391.jpg,http://169.53.132.62/gallery/index.php?/category/3/start-1065
2204366563.jpg,http://169.53.132.62/gallery/index.php?/category/3/start-1065
2204368171.jpg,http://169.53.132.62/gallery/index.php?/category/3/start-1065
2204370157.jpg,http://169.53.132.62/gallery/index.php?/category/3/start-1065
2204371381.jpg,http://169.53.132.62/gallery/index.php?/category/3/start-1065
2204372051.jpg,http://169.53.132.62/gallery/index.php?/category/3/start-1080
2204378463.jpg,http://169.53.132.62/gallery/index.php?/category/3/start-1080
2204380373.jpg,http://169.53.132.62/gallery/index.php?/category/3/start-1080
2204383297.jpg,http://169.53.132.62/gallery/index.php?/category/3/start-1080
2204384791.jpg,http://169.53.132.62/gallery/index.php?/category/3/start-1080
2204385593.jpg,http://169.53.132.62/gallery/index.php?/category/3/start-1080
2204386565.jpg,http://169.53.132.62/gallery/index.php?/category/3/start-1080
2204387435.jpg,http://169.53.132.62/gallery/index.php?/category/3/start-1080
2204388617.jpg,http://169.53.132.62/gallery/index.php?/category/3/start-1080
2204389773.jpg,http://169.53.132.62/gallery/index.php?/category/3/start-1080
2204392009.jpg,http://169.53.132.62/gallery/index.php?/category/3/start-1080
2204394567.jpg,http://169.53.132.62/gallery/index.php?/category/3/start-1080
2204397973.jpg,http://169.53.132.62/gallery/index.php?/category/3/start-1080
2204404909.jpg,http://169.53.132.62/gallery/index.php?/category/3/start-1080
2204406075.jpg,http://169.53.132.62/gallery/index.php?/category/3/start-1080
2204411707.jpg,http://169.53.132.62/gallery/index.php?/category/3/start-1095
2204413751.jpg,http://169.53.132.62/gallery/index.php?/category/3/start-1095
2204418225.jpg,http://169.53.132.62/gallery/index.php?/category/3/start-1095
2204764553.jpg,http://169.53.132.62/gallery/index.php?/category/3/start-1095
2204778409.jpg,http://169.53.132.62/gallery/index.php?/category/3/start-1095
2204779039.jpg,http://169.53.132.62/gallery/index.php?/category/3/start-1095
2204781081.jpg,http://169.53.132.62/gallery/index.php?/category/3/start-1095
2204784755.jpg,http://169.53.132.62/gallery/index.php?/category/3/start-1095
2204785605.jpg,http://169.53.132.62/gallery/index.php?/category/3/start-1095
2204787845.jpg,http://169.53.132.62/gallery/index.php?/category/3/start-1095
2204852017.jpg,http://169.53.132.62/gallery/index.php?/category/3/start-1095
2204901048.jpg,http://169.53.132.62/gallery/index.php?/category/3/start-1095
2205152250.jpg,http://169.53.132.62/gallery/index.php?/category/3/start-1095
2205154488.jpg,http://169.53.132.62/gallery/index.php?/category/3/start-1095
2205159830.jpg,http://169.53.132.62/gallery/index.php?/category/3/start-1095
